0079,1,1000             
0079,2,1007
0079,3,1009
0079,4,1500
0079,5,1502
0079,6,1503
0079,7,1504
0079,8,1505
0079,9,1506
0079,10,1508
0079,11,1512
0079,12,1514
0079,13,1516
0079,14,1517
0079,15,1518
0079,16,1524
0079,17,1529
0079,18,1532
0079,19,1538
0079,20,1540
0079,21,1546
0079,22,1550
0079,23,1551
0079,24,1556
0079,25,1560
0079,26,1564
0079,27,1570
0079,28,1572
0079,29,1576
0079,30,1578
0079,31,1582
0079,32,1586
0079,33,1590
0079,34,1592
0079,35,1594
0079,36,1596
0079,37,1598
0079,38,1600
0079,39,1604
0079,40,1606
0079,41,1608
0079,42,1609
0079,43,1610
0079,44,1612
0079,45,1614
0079,46,1620
0079,47,1622
0079,48,1626
0079,49,1628
0079,50,1630
0079,51,1632
0079,52,1634
0079,53,1644
0079,54,1646
0079,55,1648
0079,56,1660
0079,57,1664
0079,58,1670
0079,59,1672
0079,60,1673
0079,61,1674
0079,62,1676
0079,63,1680
0079,64,1694
0079,65,2000
0079,66,2100
0079,67,2200
0079,68,2400
0079,69,2450
0079,70,2500
0079,71,2600
0079,72,2607
0079,73,2609
0079,74,2700
0079,75,2707
0079,76,2709
0079,77,2800
0079,78,5000
0079,79,5050
0079,80,5100
0079,81,5150
0079,82,5200
0079,83,5250
0079,84,5300
0079,85,5350
0079,86,5400
0079,87,5460
0079,88,5500
0079,89,5502
0079,90,5503
0079,91,5504
0079,92,5505
0079,93,5506
0079,94,5508
0079,95,5512
0079,96,5514
0079,97,5516
0079,98,5517
0079,99,5518
0079,100,5520
0079,101,5532
0079,102,5534
0079,103,5536
0079,104,5538
0079,105,5550
0079,106,5551
0079,107,5552
0079,108,5556
0079,109,5558
0079,110,5560
0079,111,5564
0079,112,5576
0079,113,5578
0079,114,5580
0079,115,5582
0079,116,5586
0079,117,5590
0079,118,5592
0079,119,5594
0079,120,5600
0079,121,5604
0079,122,5610
0079,123,5612
0079,124,5614
0079,125,5620
0079,126,5621
0079,127,5622
0079,128,5626
0079,129,5628
0079,130,5630
0079,131,5632
0079,132,5644
0079,133,5660
0079,134,5661
0079,135,5664
0079,136,5670
0079,137,5672
0079,138,5673
0079,139,5674
0079,140,5675
0079,141,5676
0079,142,5680
0079,143,5690
0079,144,5696
0079,145,5700
0079,146,5710
0079,147,5720
0079,148,5990
0079,149,6000
0079,150,6007
0079,151,6009
0079,152,6010
0079,153,6050
0079,154,6100
0079,155,6150
0079,156,6200
0079,157,6207
0079,158,6209
0079,159,6250
0079,160,6300
0079,161,6350
0079,162,6400
0079,163,6500
0079,164,6507
0079,165,6509
0079,166,6550
0079,167,6570
0079,168,6600
0079,169,6650
0079,170,6660
0079,171,6700
0079,172,6707
0079,173,6709
0079,174,6710
0079,175,6720
0079,176,6750
0079,177,6800
0079,178,6900
0079,179,6910
0079,180,7000
0079,181,7007
0079,182,7009
0079,183,8000
0079,184,8007
0079,185,8009
0079,186,8010
0079,187,8100
0079,188,8110
0079,189,8200
0079,190,8210
0079,191,8300
0079,192,8320
0079,193,8330
0079,194,8340
0079,195,8400
0079,196,8407
0079,197,8409
0079,198,8500
0079,199,8507
0079,200,8509
0079,201,8600
0079,202,8700
0079,203,8800
0079,204,9000
0079,205,9007
0079,206,9009
0079,207,9010
0079,208,9020
0079,209,9100
0079,210,9110
0079,211,9200
0079,212,9300
0079,213,9310
0079,214,9400
0079,215,9410
0079,216,9600
0079,217,9700
0079,218,9800
0079,219,9810
0079,220,10000
0079,221,10050
0079,222,10100
0079,223,10150
0079,224,10200
0079,225,10250
0079,226,10300
0079,227,10350
0079,228,10400
0079,229,10450
0079,230,10460
0079,231,10470
0079,232,10500
0079,233,10502
0079,234,10503
0079,235,10504
0079,236,10505
0079,237,10506
0079,238,10508
0079,239,10512
0079,240,10514
0079,241,10516
0079,242,10518
0079,243,10524
0079,244,10534
0079,245,10538
0079,246,10540
0079,247,10542
0079,248,10546
0079,249,10550
0079,250,10551
0079,251,10552
0079,252,10558
0079,253,10560
0079,254,10564
0079,255,10566
0079,256,10570
0079,257,10576
0079,258,10578
0079,259,10582
0079,260,10590
0079,261,10592
0079,262,10593
0079,263,10594
0079,264,10596
0079,265,10600
0079,266,10604
0079,267,10609
0079,268,10610
0079,269,10612
0079,270,10620
0079,271,10622
0079,272,10626
0079,273,10628
0079,274,10634
0079,275,10646
0079,276,10648
0079,277,10660
0079,278,10661
0079,279,10662
0079,280,10670
0079,281,10672
0079,282,10673
0079,283,10674
0079,284,10676
0079,285,10690
0079,286,10710
0079,287,10720
0079,288,10730
0079,289,10740
0079,290,10750
0079,291,10760
0079,292,10770
0079,293,10780
0079,294,10790
0079,295,10800
0079,296,10810
0079,297,10820
0079,298,10830
0079,299,10840
0079,300,10850
0079,301,10910
0079,302,10920
0079,303,10990
0079,304,11000
0079,305,11010
0079,306,11020
0079,307,11050
0079,308,11060
0079,309,11100
0079,310,11200
0079,311,11300
0079,312,11400
0079,313,11409
0079,314,11500
0079,315,11600
0079,316,11609
0079,317,11700
0079,318,11800
0079,319,11900
0079,320,11910
0079,321,11920
0079,322,11950
0079,323,11960
0079,324,12000
0079,325,12100
0079,326,12200
0079,327,12300
0079,328,12700
0079,329,12710
0079,330,12720
0079,331,12990
0079,332,13000
0079,333,13009
0079,334,13020
0079,335,13050
0079,336,13100
0079,337,13110
0079,338,13200
0079,339,13210
0079,340,13220
0079,341,13300
0079,342,13310
0079,343,13400
0079,344,13409
0079,345,13500
0079,346,13600
0079,347,13700
0079,348,13800
0079,349,14000
0079,350,14007
0079,351,14009
0079,352,14020
0079,353,14100
0079,354,14101
0079,355,14110
0079,356,14120
0079,357,14200
0079,358,14290
0079,359,14300
0079,360,14310
0079,361,14320
0079,362,14390
0079,363,14400
0079,364,15000
0079,365,15050
0079,366,15100
0079,367,15150
0079,368,15159
0079,369,15200
0079,370,15300
0079,371,15350
0079,372,15400
0079,373,15500
0079,374,15502
0079,375,15503
0079,376,15504
0079,377,15505
0079,378,15506
0079,379,15508
0079,380,15512
0079,381,15514
0079,382,15516
0079,383,15517
0079,384,15518
0079,385,15519
0079,386,15520
0079,387,15524
0079,388,15529
0079,389,15532
0079,390,15534
0079,391,15536
0079,392,15538
0079,393,15540
0079,394,15546
0079,395,15548
0079,396,15550
0079,397,15551
0079,398,15556
0079,399,15558
0079,400,15560
0079,401,15564
0079,402,15570
0079,403,15572
0079,404,15576
0079,405,15578
0079,406,15582
0079,407,15586
0079,408,15590
0079,409,15592
0079,410,15594
0079,411,15596
0079,412,15600
0079,413,15604
0079,414,15608
0079,415,15609
0079,416,15612
0079,417,15614
0079,418,15616
0079,419,15622
0079,420,15623
0079,421,15626
0079,422,15628
0079,423,15630
0079,424,15632
0079,425,15634
0079,426,15644
0079,427,15646
0079,428,15648
0079,429,15658
0079,430,15660
0079,431,15661
0079,432,15664
0079,433,15670
0079,434,15672
0079,435,15673
0079,436,15674
0079,437,15676
0079,438,15680
0079,439,15690
0079,440,15710
0079,441,15720
0079,442,15730
0079,443,15740
0079,444,15988
0079,445,15990
0079,446,16010
0079,447,16020
0079,448,16030
0079,449,16040
0079,450,16050
0079,451,16060
0079,452,16070
0079,453,16080
0079,454,16090
0079,455,16100
0079,456,16109
0079,457,16150
0079,458,16200
0079,459,16210
0079,460,16250
0079,461,16300
0079,462,16310
0079,463,16320
0079,464,16400
0079,465,16450
0079,466,16500
0079,467,16600
0079,468,16700
0079,469,16800
0079,470,16810
0079,471,17000
0079,472,17007
0079,473,17009
0079,474,17010
0079,475,17020
0079,476,17030
0079,477,17040
0079,478,17050
0079,479,17060
0079,480,17070
0079,481,17200
0079,482,17500
0079,483,17507
0079,484,17509
0079,485,17510
0079,486,17600
0079,487,17610
0079,488,17700
0079,489,18000
0079,490,18050
0079,491,18200
0079,492,18300
0079,493,18400
0079,494,18500
0079,495,20000
0079,496,20050
0079,497,20100
0079,498,20200
0079,499,20300
0079,500,20400
0079,501,20500
0079,502,20502
0079,503,20503
0079,504,20504
0079,505,20505
0079,506,20506
0079,507,20508
0079,508,20512
0079,509,20514
0079,510,20516
0079,511,20517
0079,512,20518
0079,513,20519
0079,514,20520
0079,515,20532
0079,516,20534
0079,517,20536
0079,518,20538
0079,519,20540
0079,520,20542
0079,521,20546
0079,522,20548
0079,523,20550
0079,524,20551
0079,525,20552
0079,526,20554
0079,527,20556
0079,528,20560
0079,529,20564
0079,530,20566
0079,531,20568
0079,532,20570
0079,533,20572
0079,534,20576
0079,535,20578
0079,536,20582
0079,537,20586
0079,538,20590
0079,539,20592
0079,540,20596
0079,541,20600
0079,542,20604
0079,543,20606
0079,544,20608
0079,545,20609
0079,546,20610
0079,547,20612
0079,548,20614
0079,549,20618
0079,550,20620
0079,551,20622
0079,552,20626
0079,53,20628
0079,554,20630
0079,555,20632
0079,556,20646
0079,557,20648
0079,558,20656
0079,559,20658
0079,560,20660
0079,561,20661
0079,562,20662
0079,563,20664
0079,564,20668
0079,565,20670
0079,566,20672
0079,567,20673
0079,568,20674
0079,569,20676
0079,570,20680
0079,571,20690
0079,572,20698
0079,573,20700
0079,574,20710
0079,575,20720
0079,576,20900
0079,577,20902
0079,578,20904
0079,579,20906
0079,580,20908
0079,581,20910
0079,582,20912
0079,583,20914
0079,584,20916
0079,585,20918
0079,586,20920
0079,587,20922
0079,588,20924
0079,589,20926
0079,590,20928
0079,591,20930
0079,592,20990
0079,593,21000
0079,594,21009
0079,595,21010
0079,596,21020
0079,597,21030
0079,598,21040
0079,599,21060
0079,600,21070
0079,601,21080
0079,602,21090
0079,603,21100
0079,604,21109
0079,605,21200
0079,606,21209
0079,607,21210
0079,608,21220
0079,609,21300
0079,610,21309
0079,611,21400
0079,612,21450
0079,613,21500
0079,614,21600
0079,615,21610
0079,616,21700
0079,617,21800
0079,618,21810
0079,619,21820
0079,620,22000
0079,621,22010
0079,622,22020
0079,623,22100
0079,624,22107
0079,625,22109
0079,626,22110
0079,627,22120
0079,628,22200
0079,629,22300
0079,630,22307
0079,631,22309
0079,632,23000
0079,633,23007
0079,634,23009
0079,635,23050
0079,636,23100
0079,637,23200
0079,638,23300
0079,639,23400
0079,640,24000
0079,641,24007
0079,642,24009
0079,643,24050
0079,644,24060
0079,645,24100
0079,646,24107
0079,647,24109
0079,648,24200
0079,649,24207
0079,650,24209
0079,651,24300
0079,652,25000
0079,653,25050
0079,654,25100
0079,655,25150
0079,656,25200
0079,657,25250
0079,658,25300
0079,659,25350
0079,660,25500
0079,661,25502
0079,662,25503
0079,663,25504
0079,664,25505
0079,665,25506
0079,666,25508
0079,667,25509
0079,668,25512
0079,669,25514
0079,670,25516
0079,671,25517
0079,672,25518
0079,673,25520
0079,674,25524
0079,675,25529
0079,676,25532
0079,677,25534
0079,678,25536
0079,679,25538
0079,680,25540
0079,681,25546
0079,682,25548
0079,683,25550
0079,684,25551
0079,685,25552
0079,686,25556
0079,687,25558
0079,688,25560
0079,689,25564
0079,690,25570
0079,691,25576
0079,692,25578
0079,693,25582
0079,694,25584
0079,695,25586
0079,696,25590
0079,697,25592
0079,698,25594
0079,699,25596
0079,700,25598
0079,701,25600
0079,702,25604
0079,703,25606
0079,704,25608
0079,705,25609
0079,706,25610
0079,707,25612
0079,708,25614
0079,709,25620
0079,710,25622
0079,711,25626
0079,712,25628
0079,713,25630
0079,714,25632
0079,715,25644
0079,716,25646
0079,717,25648
0079,718,25656
0079,719,25660
0079,720,25661
0079,721,25662
0079,722,25670
0079,723,25672
0079,724,25673
0079,725,25674
0079,726,25676
0079,727,25690
0079,728,25700
0079,729,25710
0079,730,25720
0079,731,25730
0079,732,25740
0079,733,25750
0079,734,25990
0079,735,26010
0079,736,26040
0079,737,26050
0079,738,26060
0079,739,26070
0079,740,26080
0079,741,26090
0079,742,26100
0079,743,26140
0079,744,26150
0079,745,26170
0079,746,26180
0079,747,26190
0079,748,26200
0079,749,26250
0079,750,26300
0079,751,26310
0079,752,26320
0079,753,26330
0079,754,26340
0079,755,26350
0079,756,26360
0079,757,26370
0079,758,26400
0079,759,26410
0079,760,26420
0079,761,26430
0079,762,26440
0079,763,26450
0079,764,26460
0079,765,26485
0079,766,26490
0079,767,26500
0079,768,26600
0079,769,26607
0079,770,26609
0079,771,26610
0079,772,26620
0079,773,26630
0079,774,26640
0079,775,26650
0079,776,26660
0079,777,26680
0079,778,26690
0079,779,26700
0079,780,26800
0079,781,26810
0079,782,26820
0079,783,26900
0079,784,27000
0079,785,27010
0079,786,27020
0079,787,27030
0079,788,27040
0079,789,27050
0079,790,27060
0079,791,27070
0079,792,27090
0079,793,27100
0079,794,27150
0079,795,27200
0079,796,27207
0079,797,27209
0079,798,27210
0079,799,27300
0079,800,27310
0079,801,27400
0079,802,27600
0079,803,27607
0079,804,27609
0079,805,27610
0079,806,27620
0079,807,27630
0079,808,27650
0079,809,27660
0079,810,27670
0079,811,28000
0079,812,28007
0079,813,28009
0079,814,28010
0079,815,28020
0079,816,28030
0079,817,28040
0079,818,28050
0079,819,28100
0079,820,28200
0079,821,28300
0079,822,28310
0079,823,28320
0079,824,28330
0079,825,28340
0079,826,28380
0079,827,28400
0079,828,28407
0079,829,28409
0079,830,28500
0079,831,28600
0079,832,28610
0079,833,28620
0079,834,28700
0079,835,28707
0079,836,28709
0079,837,28730
0079,838,28740
0079,839,28750
0079,840,28800
0079,841,30000
0079,842,30010
0079,843,30020
0079,844,30100
0079,845,30200
0079,846,30250
0079,847,30300
0079,848,30350
0079,849,30450
0079,850,30500
0079,851,30502
0079,852,30503
0079,853,30504
0079,854,30505
0079,855,30506
0079,856,30508
0079,857,30510
0079,858,30512
0079,859,30516
0079,860,30517
0079,861,30518
0079,862,30519
0079,863,30520
0079,864,30524
0079,865,30532
0079,866,30534
0079,867,30536
0079,868,30540
0079,869,30542
0079,870,30546
0079,871,30548
0079,872,30550
0079,873,30551
0079,874,30552
0079,875,30554
0079,876,30556
0079,877,30560
0079,878,30564
0079,879,30570
0079,880,30576
0079,881,30580
0079,882,30582
0079,883,30586
0079,884,30590
0079,885,30592
0079,886,30594
0079,887,30596
0079,888,30600
0079,889,30604
0079,890,30606
0079,891,30609
0079,892,30610
0079,893,30612
0079,894,30614
0079,895,30620
0079,896,30621
0079,897,30622
0079,898,30626
0079,899,30628
0079,900,30630
0079,901,30632
0079,902,30634
0079,903,30644
0079,904,30646
0079,905,30648
0079,906,30656
0079,907,30658
0079,908,30660
0079,909,30661
0079,910,30662
0079,911,30664
0079,912,30668
0079,913,30670
0079,914,30673
0079,915,30674
0079,916,30676
0079,917,30682
0079,918,30690
0079,919,30700
0079,920,30710
0079,921,30720
0079,922,30730
0079,923,30740
0079,924,30750
0079,925,30760
0079,926,30770
0079,927,30780
0079,928,30790
0079,929,30800
0079,930,30810
0079,931,30820
0079,932,30830
0079,933,30840
0079,934,30900
0079,935,30902
0079,936,30904
0079,937,30906
0079,938,30908
0079,939,30910
0079,940,30912
0079,941,30988
0079,942,30990
0079,943,31000
0079,944,31007
0079,945,31009
0079,946,31050
0079,947,31100
0079,948,31150
0079,949,31200
0079,950,31250
0079,951,31300
0079,952,31350
0079,953,31400
0079,954,31407
0079,955,31409
0079,956,31450
0079,957,31500
0079,958,31550
0079,959,31560
0079,960,31600
0079,961,31610
0079,962,31650
0079,963,31700
0079,964,31750
0079,965,31800
0079,966,31850
0079,967,31900
0079,968,31907
0079,969,31909
0079,970,31910
0079,971,31920
0079,972,31950
0079,973,32000
0079,974,32040
0079,975,32100
0079,976,32200
0079,977,32300
0079,978,32400
0079,979,32500
0079,980,32600
0079,981,32610
0079,982,32700
0079,983,32800
0079,984,32900
0079,985,33000
0079,986,33007
0079,987,33009
0079,988,33010
0079,989,33020
0079,990,33030
0079,991,33040
0079,992,33100
0079,993,33200
0079,994,33300
0079,995,33310
0079,996,33320
0079,997,33400
0079,998,33410
0079,999,33420
0079,1000,33500
0079,1001,33600
0079,1002,33700
0079,1003,33800
0079,1004,34000
0079,1005,34007
0079,1006,34008
0079,1007,34009
0079,1008,34010
0079,1009,34020
0079,1010,34030
0079,1011,34100
0079,1012,34120
0079,1013,34130
0079,1014,34140
0079,1015,34200
0079,1016,34250
0079,1017,34300
0079,1018,34310
0079,1019,34350
0079,1020,34400
0079,1021,34500
0079,1022,34510
0079,1023,34520
0079,1024,34600
0079,1025,34650
0079,1026,34700
0079,1027,34750
0079,1028,34800
0079,1029,34850
0079,1030,34900
0079,1031,34950
0079,1032,35000
0079,1033,35007
0079,1034,35009
0079,1035,35300
0079,1036,35350
0079,1037,35400
0079,1038,35500
0079,1039,35600
0079,1040,35700
0079,1041,35800
0079,1042,35820
0079,1043,35900
0079,1044,35907
0079,1045,35909
0079,1046,35910
0079,1047,35950
0079,1048,36000
0079,1049,36007
0079,1050,36008
0079,1051,36009
0079,1052,36010
0079,1053,36020
0079,1054,36030
0079,1055,36100
0079,1056,36110
0079,1057,36200
0079,1058,36207
0079,1059,36209
0079,1060,36300
0079,1061,36307
0079,1062,36309
0079,1063,36400
0079,1064,36500
0079,1065,36600
0079,1066,36700
0079,1067,36750
0079,1068,36800
0079,1069,36810
0079,1070,39000
0079,1071,39007
0079,1072,39009
0079,1073,39010
0079,1074,39100
0079,1075,39200
0079,1076,40000
0079,1077,40100
0079,1078,40150
0079,1079,40160
0079,1080,40170
0079,1081,40200
0079,1082,40300
0079,1083,40400
0079,1084,40450
0079,1085,40460
0079,1086,40470
0079,1087,40500
0079,1088,40502
0079,1089,40503
0079,1090,40505
0079,1091,40512
0079,1092,40517
0079,1093,40520
0079,1094,40529
0079,1095,40542
0079,1096,40548
0079,1097,40550
0079,1098,40551
0079,1099,40560
0079,1100,40564
0079,1101,40570
0079,1102,40572
0079,1103,40576
0079,1104,40578
0079,1105,40582
0079,1106,40590
0079,1107,40592
0079,1108,40594
0079,1109,40596
0079,1110,40598
0079,1111,40604
0079,1112,40607
0079,1113,40608
0079,1114,40610
0079,1115,40612
0079,1116,40620
0079,1117,40622
0079,1118,40626
0079,1119,40632
0079,1120,40646
0079,1121,40648
0079,1122,40660
0079,1123,40664
0079,1124,40670
0079,1125,40672
0079,1126,40673
0079,1127,40674
0079,1128,40675
0079,1129,40676
0079,1130,40680
0079,1131,40690
0079,1132,40700
0079,1133,40702
0079,1134,40704
0079,1135,40706
0079,1136,40708
0079,1137,40710
0079,1138,40712
0079,1139,40714
0079,1140,40716
0079,1141,40718
0079,1142,40720
0079,1143,40722
0079,1144,40724
0079,1145,40726
0079,1146,40728
0079,1147,40730
0079,1148,40732
0079,1149,40800
0079,1150,40802
0079,1151,40804
0079,1152,40806
0079,1153,40808
0079,1154,40810
0079,1155,40990
0079,1156,41000
0079,1157,41050
0079,1158,41100
0079,1159,41150
0079,1160,41200
0079,1161,41250
0079,1162,41300
0079,1163,41400
0079,1164,41506
0079,1165,41560
0079,1166,41586
0079,1167,41672
0079,1168,41700
0079,1169,41710
0079,1170,41720
0079,1171,41900
0079,1172,41902
0079,1173,41904
0079,1174,41906
0079,1175,41908
0079,1176,41910
0079,1177,41912
0079,1178,41914
0079,1179,41916
0079,1180,41918
0079,1181,41990
0079,1182,42000
0079,1183,42009
0079,1184,42100
0079,1185,42200
0079,1186,42300
0079,1187,42425
0079,1188,42500
0079,1189,42507
0079,1190,42509
0079,1191,42600
0079,1192,42610
0079,1193,42700
0079,1194,42800
0079,1195,42920
0079,1196,42940
0079,1197,42960
0079,1198,43000
0079,1199,43007
0079,1200,43009
0079,1201,43100
0079,1202,43200
0079,1203,43207
0079,1204,43300
0079,1205,43400
0079,1206,43500
0079,1207,43558
0079,1208,43600
0079,1209,43650
0079,1210,43700
0079,1211,43800
0079,1212,43807
0079,1213,43900
0079,1214,43950
0079,1215,44000
0079,1216,44010
0079,1217,44020
0079,1218,44100
0079,1219,44110
0079,1220,44200
0079,1221,44300
0079,1222,45000
0079,1223,45100
0079,1224,45200
0079,1225,45207
0079,1226,45209
0079,1227,45300
0079,1228,45400
0079,1229,45500
0079,1230,45600
0079,1231,45607
0079,1232,45609
0079,1233,45620
0079,1234,45700
0079,1235,45800
0079,1236,46000
0079,1237,46050
0079,1238,46100
0079,1239,46150
0079,1240,46200
0079,1241,46300
0079,1242,46350
0079,1243,46400
0079,1244,46506
0079,1245,46547
0079,1246,46549
0079,1247,46551
0079,1248,46564
0079,1249,46582
0079,1250,46598
0079,1251,46662
0079,1252,46667
0079,1253,46668
0079,1254,46672
0079,1255,46675
0079,1256,46700
0079,1257,46710
0079,1258,46720
0079,1259,46730
0079,1260,46740
0079,1261,46750
0079,1262,46760
0079,1263,46770
0079,1264,46780
0079,1265,46781
0079,1266,46782
0079,1267,46783
0079,1268,46784
0079,1269,46785
0079,1270,46786
0079,1271,46787
0079,1272,46788
0079,1273,46789
0079,1274,46790
0079,1275,46791
0079,1276,46792
0079,1277,46793
0079,1278,46794
0079,1279,46795
0079,1280,46796
0079,1281,46797
0079,1282,46798
0079,1283,46799
0079,1284,46800
0079,1285,46801
0079,1286,46802
0079,1287,46803
0079,1288,46804
0079,1289,46805
0079,1290,46806
0079,1291,46860
0079,1292,46870
0079,1293,46960
0079,1294,46962
0079,1295,46964
0079,1296,46966
0079,1297,46968
0079,1298,46970
0079,1299,46972
0079,1300,46974
0079,1301,46976
0079,1302,46978
0079,1303,47000
0079,1304,47100
0079,1305,47110
0079,1306,47120
0079,1307,47130
0079,1308,47140
0079,1309,47150
0079,1310,47160
0079,1311,47170
0079,1312,47180
0079,1313,47190
0079,1314,47200
0079,1315,47300
0079,1316,47301
0079,1317,47307
0079,1318,47308
0079,1319,47400
0079,1320,47410
0079,1321,47500
0079,1322,47507
0079,1323,47600
0079,1324,47610
0079,1325,47620
0079,1326,47630
0079,1327,47640
0079,1328,47650
0079,1329,47800
0079,1330,47810
0079,1331,47820
0079,1332,47830
0079,1333,48000
0079,1334,48010
0079,1335,48020
0079,1336,48050
0079,1337,48100
0079,1338,48200
0079,1339,48300
0079,1340,49000
0079,1341,50000
0079,1342,50050
0079,1343,50088
0079,1344,50100
0079,1345,50150
0079,1346,50200
0079,1347,50250
0079,1348,50300
0079,1349,50350
0079,1350,50400
0079,1351,50450
0079,1352,50460
0079,1353,50470
0079,1354,50480
0079,1355,50490
0079,1356,50500
0079,1357,50502
0079,1358,50504
0079,1359,50505
0079,1360,50506
0079,1361,50507
0079,1362,50508
0079,1363,50512
0079,1364,50514
0079,1365,50515
0079,1366,50519
0079,1367,50528
0079,1368,50529
0079,1369,50530
0079,1370,50532
0079,1371,50534
0079,1372,50536
0079,1373,50540
0079,1374,50544
0079,1375,50546
0079,1376,50548
0079,1377,50550
0079,1378,50551
0079,1379,50552
0079,1380,50554
0079,1381,50556
0079,1382,50560
0079,1383,50562
0079,1384,50564
0079,1385,50566
0079,1386,50568
0079,1387,50572
0079,1388,50576
0079,1389,50578
0079,1390,50580
0079,1391,50582
0079,1392,50586
0079,1393,50588
0079,1394,50590
0079,1395,50592
0079,1396,50594
0079,1397,50596
0079,1398,50598
0079,1399,50599
0079,1400,50600
0079,1401,50603
0079,1402,50604
0079,1403,50605
0079,1404,50608
0079,1405,50609
0079,1406,50610
0079,1407,50612
0079,1408,50614
0079,1409,50620
0079,1410,50621
0079,1411,50622
0079,1412,50623
0079,1413,50626
0079,1414,50632
0079,1415,50634
0079,1416,50636
0079,1417,50638
0079,1418,50640
0079,1419,50642
0079,1420,50644
0079,1421,50646
0079,1422,50648
0079,1423,50650
0079,1424,50652
0079,1425,50653
0079,1426,50656
0079,1427,50658
0079,1428,50660
0079,1429,50661
0079,1430,50662
0079,1431,50664
0079,1432,50666
0079,1433,50668
0079,1434,50670
0079,1435,50672
0079,1436,50673
0079,1437,50676
0079,1438,50677
0079,1439,50678
0079,1440,50680
0079,1441,50682
0079,1442,50684
0079,1443,50688
0079,1444,50694
0079,1445,50700
0079,1446,50702
0079,1447,50704
0079,1448,50706
0079,1449,50708
0079,1450,50710
0079,1451,50712
0079,1452,50714
0079,1453,50716
0079,1454,50718
0079,1455,50720
0079,1456,50722
0079,1457,50724
0079,1458,50726
0079,1459,50728
0079,1460,50730
0079,1461,50732
0079,1462,50734
0079,1463,50736
0079,1464,50738
0079,1465,50740
0079,1466,50742
0079,1467,50744
0079,1468,50746
0079,1469,50748
0079,1470,50750
0079,1471,50752
0079,1472,50754
0079,1473,50758
0079,1474,50760
0079,1475,50762
0079,1476,50764
0079,1477,50766
0079,1478,50768
0079,1479,50770
0079,1480,50772
0079,1481,50774
0079,1482,50776
0079,1483,50778
0079,1484,50780
0079,1485,50782
0079,1486,50784
0079,1487,50786
0079,1488,50788
0079,1489,50790
0079,1490,50792
0079,1491,50794
0079,1492,50796
0079,1493,50798
0079,1494,50800
0079,1495,50802
0079,1496,50804
0079,1497,50806
0079,1498,50808
0079,1499,50810
0079,1500,50812
0079,1501,50814
0079,1502,50816
0079,1503,50818
0079,1504,50901
0079,1505,50902
0079,1506,50903
0079,1507,50904
0079,1508,50906
0079,1509,50907
0079,1510,50908
0079,1511,50909
0079,1512,50910
0079,1513,50911
0079,1514,50912
0079,1515,50913
0079,1516,50914
0079,1517,50915
0079,1518,50916
0079,1519,50917
0079,1520,50918
0079,1521,50919
0079,1522,50920
0079,1523,50921
0079,1524,50922
0079,1525,50923
0079,1526,50924
0079,1527,50925
0079,1528,50926
0079,1529,50927
0079,1530,50928
0079,1531,50929
0079,1532,50930
0079,1533,50931
0079,1534,50932
0079,1535,50933
0079,1536,50934
0079,1537,50935
0079,1538,50936
0079,1539,50937
0079,1540,50938
0079,1541,50939
0079,1542,50940
0079,1543,50941
0079,1544,50942
0079,1545,50943
0079,1546,50944
0079,1547,50945
0079,1548,50946
0079,1549,50947
0079,1550,50948
0079,1551,50949
0079,1552,50950
0079,1553,50988
0079,1554,50989
0079,1555,50990
0079,1556,51000
0079,1557,51100
0079,1558,51200
0079,1559,51700
0079,1560,51990
0079,1561,52000
0079,1562,52100
0079,1563,52200
0079,1564,53000
0079,1565,53100
0079,1566,53200
0079,1567,53300
0079,1568,53700
0079,1569,53800
0079,1570,53990
0079,1571,54000
0079,1572,54100
0079,1573,54200
0079,1574,55000
0079,1575,55100
0079,1576,55200
0079,1577,55300
0079,1578,55700
0079,1579,55710
0079,1580,55720
0079,1581,55900
0079,1582,55902
0079,1583,55904
0079,1584,55906
0079,1585,55908
0079,1586,55910
0079,1587,55912
0079,1588,55914
0079,1589,55916
0079,1590,55918
0079,1591,55920
0079,1592,55922
0079,1593,55924
0079,1594,55926
0079,1595,55928
0079,1596,55930
0079,1597,55932
0079,1598,55934
0079,1599,55990
0079,1600,56000
0079,1601,56100
0079,1602,57000
0079,1603,57100
0079,1604,57700
0079,1605,57990
0079,1606,58000
0079,1607,58100
0079,1608,58200
0079,1609,58700
0079,1610,58990
0079,1611,59000
0079,1612,59100
0079,1613,59200
0079,1614,59700
0079,1615,59800
0079,1616,59990
0079,1617,60000
0079,1618,62000
0079,1619,62007
0079,1620,62050
0079,1621,62100
0079,1622,62150
0079,1623,62200
0079,1624,62250
0079,1625,62300
0079,1626,62502
0079,1627,62504
0079,1628,62505
0079,1629,62506
0079,1630,62510
0079,1631,62512
0079,1632,62514
0079,1633,62516
0079,1634,62517
0079,1635,62518
0079,1636,62519
0079,1637,62520
0079,1638,62522
0079,1639,62524
0079,1640,62526
0079,1641,62527
0079,1642,62530
0079,1643,62532
0079,1644,62536
0079,1645,62540
0079,1646,62542
0079,1647,62546
0079,1648,62550
0079,1649,62551
0079,1650,62570
0079,1651,62574
0079,1652,62576
0079,1653,62582
0079,1654,62584
0079,1655,62590
0079,1656,62592
0079,1657,62594
0079,1658,62596
0079,1659,62602
0079,1660,62604
0079,1661,62605
0079,1662,62606
0079,1663,62616
0079,1664,62618
0079,1665,62620
0079,1666,62623
0079,1667,62624
0079,1668,62628
0079,1669,62630
0079,1670,62632
0079,1671,62648
0079,1672,62652
0079,1673,62654
0079,1674,62662
0079,1675,62668
0079,1676,62670
0079,1677,62674
0079,1678,62675
0079,1679,62676
0079,1680,62677
0079,1681,62686
0079,1682,62692
0079,1683,62988
0079,1684,63000
0079,1685,63100
0079,1686,63200
0079,1687,63300
0079,1688,64000
0079,1689,68000
0079,1690,68100
0079,1691,69000
0079,1692,70000
0079,1693,70100
0079,1694,70200
0079,1695,70300
0079,1696,70400
0079,1697,70450
0079,1698,70500
0079,1699,70502
0079,1700,70503
0079,1701,70504
0079,1702,70505
0079,1703,70506
0079,1704,70508
0079,1705,70512
0079,1706,70516
0079,1707,70517
0079,1708,70518
0079,1709,70532
0079,1710,70534
0079,1711,70536
0079,1712,70540
0079,1713,70546
0079,1714,70548
0079,1715,70550
0079,1716,70551
0079,1717,70558
0079,1718,70560
0079,1719,70564
0079,1720,70570
0079,1721,70572
0079,1722,70576
0079,1723,70578
0079,1724,70582
0079,1725,70586
0079,1726,70590
0079,1727,70592
0079,1728,70594
0079,1729,70596
0079,1730,70600
0079,1731,70604
0079,1732,70606
0079,1733,70608
0079,1734,70609
0079,1735,70610
0079,1736,70620
0079,1737,70626
0079,1738,70628
0079,1739,70632
0079,1740,70634
0079,1741,70644
0079,1742,70646
0079,1743,70648
0079,1744,70658
0079,1745,70664
0079,1746,70670
0079,1747,70672
0079,1748,70673
0079,1749,70674
0079,1750,70676
0079,1751,70690
0079,1752,70700
0079,1753,70710
0079,1754,70720
0079,1755,70730
0079,1756,70740
0079,1757,70750
0079,1758,70990
0079,1759,71000
0079,1760,71007
0079,1761,71009
0079,1762,71010
0079,1763,71050
0079,1764,71059
0079,1765,71100
0079,1766,71109
0079,1767,71150
0079,1768,71159
0079,1769,71200
0079,1770,71209
0079,1771,71250
0079,1772,71259
0079,1773,71300
0079,1774,71309
0079,1775,71350
0079,1776,71359
0079,1777,71400
0079,1778,71409
0079,1779,71450
0079,1780,71459
0079,1781,71500
0079,1782,71509
0079,1783,71550
0079,1784,71559
0079,1785,71600
0079,1786,71609
0079,1787,71650
0079,1788,71659
0079,1789,71700
0079,1790,71707
0079,1791,71709
0079,1792,71750
0079,1793,71759
0079,1794,71760
0079,1795,71770
0079,1796,71800
0079,1797,71807
0079,1798,71809
0079,1799,71900
0079,1800,71907
0079,1801,71909
0079,1802,71950
0079,1803,71960
0079,1804,72000
0079,1805,72007
0079,1806,72009
0079,1807,72100
0079,1808,72107
0079,1809,72109
0079,1810,72120
0079,1811,72127
0079,1812,72129
0079,1813,72200
0079,1814,72207
0079,1815,72209
0079,1816,72300
0079,1817,72307
0079,1818,72309
0079,1819,72400
0079,1820,72409
0079,1821,72500
0079,1822,72507
0079,1823,72509
0079,1824,73000
0079,1825,73007
0079,1826,73009
0079,1827,73100
0079,1828,73109
0079,1829,73200
0079,1830,73207
0079,1831,73209
0079,1832,73300
0079,1833,73309
0079,1834,73400
0079,1835,73409
0079,1836,73420
0079,1837,73430
0079,1838,73440
0079,1839,73450
0079,1840,73460
0079,1841,73470
0079,1842,73480
0079,1843,73500
0079,1844,73507
0079,1845,73509
0079,1846,75000
0079,1847,75050
0079,1848,75100
0079,1849,75150
0079,1850,75200
0079,1851,75250
0079,1852,75260
0079,1853,75300
0079,1854,75350
0079,1855,75400
0079,1856,75450
0079,1857,75460
0079,1858,75500
0079,1859,75502
0079,1860,75503
0079,1861,75504
0079,1862,75505
0079,1863,75506
0079,1864,75508
0079,1865,75510
0079,1866,75512
0079,1867,75514
0079,1868,75516
0079,1869,75517
0079,1870,75518
0079,1871,75519
0079,1872,75532
0079,1873,75536
0079,1874,75538
0079,1875,75540
0079,1876,75542
0079,1877,75546
0079,1878,75550
0079,1879,75551
0079,1880,75552
0079,1881,75560
0079,1882,75564
0079,1883,75566
0079,1884,75570
0079,1885,75572
0079,1886,75576
0079,1887,75578
0079,1888,75582
0079,1889,75584
0079,1890,75586
0079,1891,75590
0079,1892,75592
0079,1893,75594
0079,1894,75596
0079,1895,75600
0079,1896,75604
0079,1897,75606
0079,1898,75608
0079,1899,75609
0079,1900,75610
0079,1901,75612
0079,1902,75618
0079,1903,75620
0079,1904,75622
0079,1905,75626
0079,1906,75628
0079,1907,75630
0079,1908,75632
0079,1909,75646
0079,1910,75648
0079,1911,75662
0079,1912,75670
0079,1913,75672
0079,1914,75673
0079,1915,75674
0079,1916,75676
0079,1917,75690
0079,1918,75700
0079,1919,75710
0079,1920,75720
0079,1921,75730
0079,1922,75740
0079,1923,75750
0079,1924,75760
0079,1925,75900
0079,1926,75902
0079,1927,75904
0079,1928,75906
0079,1929,75908
0079,1930,75910
0079,1931,75912
0079,1932,75914
0079,1933,75916
0079,1934,75918
0079,1935,75990
0079,1936,76100
0079,1937,76109
0079,1938,76200
0079,1939,76300
0079,1940,76400
0079,1941,76409
0079,1942,76450
0079,1943,77000
0079,1944,77007
0079,1945,77008
0079,1946,77009
0079,1947,77100
0079,1948,77109
0079,1949,77200
0079,1950,77300
0079,1951,77309
0079,1952,77400
0079,1953,77409
0079,1954,77500
0079,1955,78000
0079,1956,78009
0079,1957,78100
0079,1958,78200
0079,1959,78300
0079,1960,78307
0079,1961,78309
0079,1962,79000
0079,1963,79100
0079,1964,79150
0079,1965,79200
0079,1966,79250
0079,1967,79502
0079,1968,79503
0079,1969,79504
0079,1970,79505
0079,1971,79511
0079,1972,79513
0079,1973,79514
0079,1974,79517
0079,1975,79518
0079,1976,79520
0079,1977,79521
0079,1978,79523
0079,1979,79532
0079,1980,79538
0079,1981,79540
0079,1982,79546
0079,1983,79548
0079,1984,79550
0079,1985,79552
0079,1986,79555
0079,1987,79570
0079,1988,79575
0079,1989,79576
0079,1990,79592
0079,1991,79601
0079,1992,79603
0079,1993,79605
0079,1994,79606
0079,1995,79612
0079,1996,79626
0079,1997,79630
0079,1998,79632
0079,1999,79646
0079,2000,79658
0079,2001,79660
0079,2002,79680
0079,2003,79681
0079,2004,79683
0079,2005,80000
0079,2006,80050
0079,2007,80100
0079,2008,80150
0079,2009,80200
0079,2010,80250
0079,2011,80300
0079,2012,80350
0079,2013,80400
0079,2014,80500
0079,2015,80506
0079,2016,80508
0079,2017,80516
0079,2018,80519
0079,2019,80534
0079,2020,80536
0079,2021,80542
0079,2022,80546
0079,2023,80558
0079,2024,80560
0079,2025,80564
0079,2026,80568
0079,2027,80578
0079,2028,80584
0079,2029,80586
0079,2030,80590
0079,2031,80592
0079,2032,80594
0079,2033,80596
0079,2034,80600
0079,2035,80604
0079,2036,80608
0079,2037,80620
0079,2038,80622
0079,2039,80628
0079,2040,80644
0079,2041,80648
0079,2042,80662
0079,2043,80664
0079,2044,80668
0079,2045,80670
0079,2046,80672
0079,2047,80673
0079,2048,80676
0079,2049,80700
0079,2050,80710
0079,2051,80720
0079,2052,80730
0079,2053,80900
0079,2054,80902
0079,2055,80904
0079,2056,80906
0079,2057,80908
0079,2058,80988
0079,2059,80990
0079,2060,81000
0079,2061,81100
0079,2062,81200
0079,2063,81300
0079,2064,81310
0079,2065,81400
0079,2066,81440
0079,2067,81450
0079,2068,81500
0079,2069,81550
0079,2070,81600
0079,2071,81700
0079,2072,81750
0079,2073,81800
0079,2074,81850
0079,2075,81900
0079,2076,81920
0079,2077,81930
0079,2078,82000
0079,2079,82100
0079,2080,82200
0079,2081,82300
0079,2082,83000
0079,2083,83100
0079,2084,83200
0079,2085,83300
0079,2086,83400
0079,2087,83500
0079,2088,83600
0079,2089,83700
0079,2090,84000
0079,2091,84150
0079,2092,84200
0079,2093,84300
0079,2094,84400
0079,2095,84500
0079,2096,84600
0079,2097,84700
0079,2098,84800
0079,2099,84900
0079,2100,85000
0079,2101,85100
0079,2102,85200
0079,2103,85300
0079,2104,85400
0079,2105,86000
0079,2106,86100
0079,2107,86200
0079,2108,86300
0079,2109,86400
0079,2110,86500
0079,2111,86600
0079,2112,86700
0079,2113,86800
0079,2114,86810
0079,2115,86900
0079,2116,87000
0079,2117,87010
0079,2118,87011
0079,2119,87012
0079,2120,87013
0079,2121,87014
0079,2122,87015
0079,2123,87016
0079,2124,87017
0079,2125,87018
0079,2126,87019
0079,2127,87020
0079,2128,87021
0079,2129,87022
0079,2130,87023
0079,2131,87024
0079,2132,87025
0079,2133,87026
0079,2134,87027
0079,2135,87028
0079,2136,87029
0079,2137,87030
0079,2138,87031
0079,2139,87032
0079,2140,87033
0079,2141,88000
0079,2142,88100
0079,2143,88200
0079,2144,88300
0079,2145,88400
0079,2146,88450
0079,2147,88460
0079,2148,88500
0079,2149,88502
0079,2150,88504
0079,2151,88505
0079,2152,88506
0079,2153,88508
0079,2154,88510
0079,2155,88512
0079,2156,88514
0079,2157,88516
0079,2158,88518
0079,2159,88520
0079,2160,88526
0079,2161,88527
0079,2162,88532
0079,2163,88534
0079,2164,88538
0079,2165,88540
0079,2166,88546
0079,2167,88550
0079,2168,88551
0079,2169,88552
0079,2170,88554
0079,2171,88556
0079,2172,88558
0079,2173,88560
0079,2174,88562
0079,2175,88564
0079,2176,88566
0079,2177,88568
0079,2178,88570
0079,2179,88572
0079,2180,88576
0079,2181,88580
0079,2182,88582
0079,2183,88586
0079,2184,88590
0079,2185,88592
0079,2186,88594
0079,2187,88596
0079,2188,88598
0079,2189,88600
0079,2190,88602
0079,2191,88604
0079,2192,88606
0079,2193,88608
0079,2194,88609
0079,2195,88610
0079,2196,88612
0079,2197,88614
0079,2198,88617
0079,2199,88618
0079,2200,88620
0079,2201,88621
0079,2202,88622
0079,2203,88624
0079,2204,88626
0079,2205,88628
0079,2206,88630
0079,2207,88632
0079,2208,88634
0079,2209,88644
0079,2210,88646
0079,2211,88648
0079,2212,88656
0079,2213,88658
0079,2214,88660
0079,2215,88661
0079,2216,88662
0079,2217,88670
0079,2218,88672
0079,2219,88673
0079,2220,88675
0079,2221,88676
0079,2222,88680
0079,2223,88690
0079,2224,88700
0079,2225,88721
0079,2226,88722
0079,2227,88723
0079,2228,88724
0079,2229,88725
0079,2230,88757
0079,2231,88758
0079,2232,88759
0079,2233,88760
0079,2234,88761
0079,2235,88762
0079,2236,88763
0079,2237,88764
0079,2238,88765
0079,2239,88766
0079,2240,88767
0079,2241,88768
0079,2242,88769
0079,2243,88770
0079,2244,88771
0079,2245,88772
0079,2246,88773
0079,2247,88774
0079,2248,88775
0079,2249,88776
0079,2250,88777
0079,2251,88778
0079,2252,88779
0079,2253,88780
0079,2254,88781
0079,2255,88782
0079,2256,88783
0079,2257,88784
0079,2258,88785
0079,2259,88786
0079,2260,88787
0079,2261,88788
0079,2262,88789
0079,2263,88790
0079,2264,88800
0079,2265,88801
0079,2266,88802
0079,2267,88803
0079,2268,88804
0079,2269,88805
0079,2270,88806
0079,2271,88807
0079,2272,88808
0079,2273,88809
0079,2274,88810
0079,2275,88811
0079,2276,88812
0079,2277,88813
0079,2278,88814
0079,2279,88815
0079,2280,88816
0079,2281,88817
0079,2282,88818
0079,2283,88819
0079,2284,88820
0079,2285,88821
0079,2286,88822
0079,2287,88823
0079,2288,88824
0079,2289,88825
0079,2290,88826
0079,2291,88827
0079,2292,88828
0079,2293,88829
0079,2294,88830
0079,2295,88831
0079,2296,88832
0079,2297,88833
0079,2298,88834
0079,2299,88835
0079,2300,88836
0079,2301,88837
0079,2302,88838
0079,2303,88839
0079,2304,88840
0079,2305,88841
0079,2306,88842
0079,2307,88843
0079,2308,88844
0079,2309,88845
0079,2310,88846
0079,2311,88847
0079,2312,88848
0079,2313,88849
0079,2314,88850
0079,2315,88851
0079,2316,88852
0079,2317,88853
0079,2318,88854
0079,2319,88855
0079,2320,88856
0079,2321,88857
0079,2322,88858
0079,2323,88860
0079,2324,88861
0079,2325,88862
0079,2326,88863
0079,2327,88865
0079,2328,88866
0079,2329,88867
0079,2330,88868
0079,2331,88869
0079,2332,88870
0079,2333,88871
0079,2334,88872
0079,2335,88873
0079,2336,88874
0079,2337,88875
0079,2338,88900
0079,2339,88901
0079,2340,88902
0079,2341,88903
0079,2342,88904
0079,2343,88905
0079,2344,88906
0079,2345,88988
0079,2346,88990
0079,2347,88991
0079,2348,88992
0079,2349,88993
0079,2350,88994
0079,2351,88995
0079,2352,88996
0079,2353,88997
0079,2354,88998
0079,2355,88999
0079,2356,89000
0079,2357,89007
0079,2358,89008
0079,2359,89009
0079,2360,89050
0079,2361,89057
0079,2362,89058
0079,2363,89059
0079,2364,89100
0079,2365,89107
0079,2366,89108
0079,2367,89109
0079,2368,89150
0079,2369,89157
0079,2370,89158
0079,2371,89159
0079,2372,89200
0079,2373,89207
0079,2374,89208
0079,2375,89209
0079,2376,89250
0079,2377,89257
0079,2378,89258
0079,2379,89259
0079,2380,89260
0079,2381,89300
0079,2382,89307
0079,2383,89308
0079,2384,89309
0079,2385,89500
0079,2386,89507
0079,2387,89508
0079,2388,89509
0079,2389,89600
0079,2390,89607
0079,2391,89608
0079,2392,89609
0079,2393,89650
0079,2394,89657
0079,2395,89658
0079,2396,89659
0079,2397,89700
0079,2398,89707
0079,2399,89708
0079,2400,89709
0079,2401,89720
0079,2402,89727
0079,2403,89728
0079,2404,89729
0079,2405,89740
0079,2406,89747
0079,2407,89748
0079,2408,89749
0079,2409,89760
0079,2410,89767
0079,2411,89768
0079,2412,89769
0079,2413,89800
0079,2414,89807
0079,2415,89808
0079,2416,89809
0079,2417,89850
0079,2418,89857
0079,2419,89858
0079,2420,89859
0079,2421,89900
0079,2422,89907
0079,2423,89908
0079,2424,89909
0079,2425,89950
0079,2426,89957
0079,2427,89958
0079,2428,89959
0079,2429,90000
0079,2430,90009
0079,2431,90100
0079,2432,90107
0079,2433,90109
0079,2434,90200
0079,2435,90300
0079,2436,90307
0079,2437,90400
0079,2438,90700
0079,2439,90701
0079,2440,90702
0079,2441,90703
0079,2442,90704
0079,2443,90705
0079,2444,90706
0079,2445,90707
0079,2446,90708
0079,2447,90709
0079,2448,90711
0079,2449,90712
0079,2450,90713
0079,2451,90714
0079,2452,90715
0079,2453,90716
0079,2454,90717
0079,2455,90718
0079,2456,90719
0079,2457,90720
0079,2458,90721
0079,2459,90722
0079,2460,90723
0079,2461,90724
0079,2462,90725
0079,2463,90726
0079,2464,90727
0079,2465,90728
0079,2466,90729
0079,2467,90730
0079,2468,90731
0079,2469,90732
0079,2470,90733
0079,2471,90734
0079,2472,90735
0079,2473,90736
0079,2474,90737
0079,2475,90738
0079,2476,90739
0079,2477,90740
0079,2478,90741
0079,2479,91000
0079,2480,91007
0079,2481,91008
0079,2482,91009
0079,2483,91010
0079,2484,91011
0079,2485,91012
0079,2486,91013
0079,2487,91014
0079,2488,91015
0079,2489,91016
0079,2490,91017
0079,2491,91018
0079,2492,91019
0079,2493,91020
0079,2494,91021
0079,2495,91022
0079,2496,91023
0079,2497,91024
0079,2498,91025
0079,2499,91026
0079,2500,91027
0079,2501,91028
0079,2502,91029
0079,2503,91030
0079,2504,91031
0079,2505,91032
0079,2506,91033
0079,2507,91034
0079,2508,91035
0079,2509,91100
0079,2510,91109
0079,2511,91110
0079,2512,91111
0079,2513,91112
0079,2514,91113
0079,2515,91114
0079,2516,91115
0079,2517,91116
0079,2518,91117
0079,2519,91118
0079,2520,91119
0079,2521,91120
0079,2522,91121
0079,2523,91122
0079,2524,91123
0079,2525,91124
0079,2526,91125
0079,2527,91126
0079,2528,91127
0079,2529,91128
0079,2530,91150
0079,2531,91200
0079,2532,91207
0079,2533,91209
0079,2534,91300
0079,2535,91307
0079,2536,91308
0079,2537,91309
0079,2538,93000
0079,2539,93010
0079,2540,93050
0079,2541,93100
0079,2542,93150
0079,2543,93200
0079,2544,93250
0079,2545,93300
0079,2546,93350
0079,2547,93400
0079,2548,93450
0079,2549,93500
0079,2550,93502
0079,2551,93503
0079,2552,93504
0079,2553,93505
0079,2554,93506
0079,2555,93507
0079,2556,93508
0079,2557,93514
0079,2558,93516
0079,2559,93517
0079,2560,93518
0079,2561,93519
0079,2562,93520
0079,2563,93527
0079,2564,93529
0079,2565,93532
0079,2566,93540
0079,2567,93550
0079,2568,93551
0079,2569,93552
0079,2570,93554
0079,2571,93556
0079,2572,93558
0079,2573,93560
0079,2574,93564
0079,2575,93566
0079,2576,93570
0079,2577,93572
0079,2578,93576
0079,2579,93578
0079,2580,93582
0079,2581,93586
0079,2582,93590
0079,2583,93592
0079,2584,93594
0079,2585,93596
0079,2586,93600
0079,2587,93604
0079,2588,93606
0079,2589,93608
0079,2590,93609
0079,2591,93610
0079,2592,93612
0079,2593,93614
0079,2594,93618
0079,2595,93619
0079,2596,93620
0079,2597,93626
0079,2598,93628
0079,2599,93632
0079,2600,93634
0079,2601,93648
0079,2602,93658
0079,2603,93660
0079,2604,93661
0079,2605,93662
0079,2606,93670
0079,2607,93672
0079,2608,93677
0079,2609,93690
0079,2610,93694
0079,2611,93700
0079,2612,93702
0079,2613,93704
0079,2614,93706
0079,2615,93708
0079,2616,93710
0079,2617,93712
0079,2618,93714
0079,2619,93716
0079,2620,93718
0079,2621,93720
0079,2622,93722
0079,2623,93724
0079,2624,93726
0079,2625,93728
0079,2626,93730
0079,2627,93732
0079,2628,93734
0079,2629,93736
0079,2630,93738
0079,2631,93740
0079,2632,93742
0079,2633,93744
0079,2634,93746
0079,2635,93748
0079,2636,93750
0079,2637,93752
0079,2638,93754
0079,2639,93756
0079,2640,93758
0079,2641,93760
0079,2642,93762
0079,2643,93764
0079,2644,93900
0079,2645,93902
0079,2646,93904
0079,2647,93906
0079,2648,93908
0079,2649,93910
0079,2650,93912
0079,2651,93914
0079,2652,93916
0079,2653,93990
0079,2654,94000
0079,2655,94007
0079,2656,94009
0079,2657,94200
0079,2658,94300
0079,2659,94500
0079,2660,94507
0079,2661,94509
0079,2662,94600
0079,2663,94650
0079,2664,94700
0079,2665,94707
0079,2666,94709
0079,2667,94750
0079,2668,94760
0079,2669,94800
0079,2670,94807
0079,2671,94809
0079,2672,94850
0079,2673,94900
0079,2674,94950
0079,2675,95000
0079,2676,95007
0079,2677,95008
0079,2678,95009
0079,2679,95300
0079,2680,95400
0079,2681,95407
0079,2682,95409
0079,2683,95500
0079,2684,95600
0079,2685,95700
0079,2686,95707
0079,2687,95709
0079,2688,95800
0079,2689,95900
0079,2690,96000
0079,2691,96007
0079,2692,96008
0079,2693,96009
0079,2694,96100
0079,2695,96107
0079,2696,96108
0079,2697,96109
0079,2698,96150
0079,2699,96200
0079,2700,96250
0079,2701,96300
0079,2702,96307
0079,2703,96309
0079,2704,96350
0079,2705,96400
0079,2706,96410
0079,2707,96500
0079,2708,96507
0079,2709,96508
0079,2710,96509
0079,2711,96600
0079,2712,96700
0079,2713,96707
0079,2714,96709
0079,2715,96800
0079,2716,96807
0079,2717,96809
0079,2718,96850
0079,2719,96900
0079,2720,97000
0079,2721,97007
0079,2722,97008
0079,2723,97009
0079,2724,97010
0079,2725,97011
0079,2726,97012
0079,2727,97013
0079,2728,97014
0079,2729,97015
0079,2730,97100
0079,2731,97200
0079,2732,97300
0079,2733,98000
0079,2734,98007
0079,2735,98008
0079,2736,98009
0079,2737,98050
0079,2738,98057
0079,2739,98058
0079,2740,98059
0079,2741,98100
0079,2742,98107
0079,2743,98109
0079,2744,98150
0079,2745,98157
0079,2746,98159
0079,2747,98200
0079,2748,98300
0079,2749,98700
0079,2750,98707
0079,2751,98708
0079,2752,98709
0079,2753,98750
0079,2754,98800
0079,2755,98850
0079,2756,98857
0079,2757,98859
